title,company,location,link
Senior Software Engineer (React),Higher Logic,"Montreal, QC, Canada",https://stackoverflow.com/jobs/536301
Head of Scientific Computing (m/f/div),Max Planck Institute for Neurobiology of Behavior – caesar,"Bonn, Deutschland",https://stackoverflow.com/jobs/566074
Web-Developer/Webentwickler (m/w/d),mpunkt GmbH,"Augsburg, Deutschland",https://stackoverflow.com/jobs/566686
"Full Stack Software Engineer, Business Integrity",ByteDance,Singapore,https://stackoverflow.com/jobs/553099
Python Entwickler*in Remote (f/m/d),Ambient,"Köln, Deutschland",https://stackoverflow.com/jobs/493874
Software Developer Vue.js (m/f/d),shopware AG,"Schöppingen, Deutschland",https://stackoverflow.com/jobs/549078
Front-End Software Engineer,HENNGE K.K.,"Tokyo, Japan",https://stackoverflow.com/jobs/381280
Web Application Developer (m/w/d),APIS Informationstechnologien GmbH,"Wörth an der Donau, Deutschland",https://stackoverflow.com/jobs/566746
Python Developer (Remote),Finsera,No office location,https://stackoverflow.com/jobs/524065
"Frontend Software Engineer, Business Integrity",ByteDance,Singapore,https://stackoverflow.com/jobs/553035
Software Engineer – Frontend / Fullstack (m/f/d) remote or on-site,HolidayCheck Group AG,"Munich, Germany",https://stackoverflow.com/jobs/297720
"full-stack web developer (node.js, typescript)",code d'azur,"Amsterdam, Netherlands",https://stackoverflow.com/jobs/522428
Software Architect & Lead (.NET Web Projects; Fully Remote),BlueModus,No office location,https://stackoverflow.com/jobs/566693
Front End Software Engineer – HPC Products,DUG Technology,"West Perth, Australia",https://stackoverflow.com/jobs/528137
"Senior Software Engineer, Python",Chaturbate,"San Francisco, CA",https://stackoverflow.com/jobs/566183
"Software Engineer, Python&TypeScript",Chaturbate,No office location,https://stackoverflow.com/jobs/566212
Vue.js Developer (Remote),X-Team,No office location,https://stackoverflow.com/jobs/534462
Sr. Full Stack Engineer- Python,AutoTrader,"Toronto, ON, Canada",https://stackoverflow.com/jobs/529021
Remote Fullstack Entwicklerin (m/w/d),Ambient,"Köln, Deutschland",https://stackoverflow.com/jobs/552969
Full-Stack PHP-Entwickler (m/w/d),campoint AG,"Seligenstadt, Deutschland",https://stackoverflow.com/jobs/566465
Full-Stack Software Developer (Intermediate / Senior),Derivco.,"Hope Island, Australia",https://stackoverflow.com/jobs/550295
Frontend Web Developer (m/w/d),EyeC GmbH,"Hamburg, Deutschland",https://stackoverflow.com/jobs/408135
JavaScript Developer - Location Analytics,Esri,"Redlands, CA",https://stackoverflow.com/jobs/396325
Full Stack Developer (React + Java) – REMOTE,Pentalog,No office location,https://stackoverflow.com/jobs/566591
Senior Software Engineer - React Native,uShip,"Austin, TX",https://stackoverflow.com/jobs/550764
Geo Data Visualization Front-End Developer,Esri,"Arlington, VA",https://stackoverflow.com/jobs/566041
Senior Software Engineer - React Native,uShip,"Austin, TX",https://stackoverflow.com/jobs/550764
Senior Java Fullstack Developer: contribute E2E from server side to API & the UI,Mimecast,"London, UK",https://stackoverflow.com/jobs/415192
Senior Web/Mobile Developer (m/w/d),Lotum GmbH,"Frankfurt am Main, Deutschland",https://stackoverflow.com/jobs/372988
"Front End Developer - Angular, JavaScript, jQuery, Agile, TypeScript",Mimecast,"London, UK",https://stackoverflow.com/jobs/376558
Frontend Developer - Remote/On-Site,eLearning Industry,"Athens, Greece",https://stackoverflow.com/jobs/566142
Full Stack Developer Mobile Gaming (m/w/d),Lotum GmbH,"Bad Nauheim, Deutschland",https://stackoverflow.com/jobs/372990
Software Engineer (FE / Full Stack ),eBay,"San Francisco, CA",https://stackoverflow.com/jobs/566606
React Software Engineer @ Nozomi Networks,Nozomi Networks,"Mendrisio, Switzerland",https://stackoverflow.com/jobs/526403
UI Designer / Webentwickler (m/w/d) im Bereich Software Entwicklung,ASCon Systems GmbH,"Stuttgart, Deutschland",https://stackoverflow.com/jobs/566051
"Frontend Software Engineer, Customer Service Platform",ByteDance,Singapore,https://stackoverflow.com/jobs/541573
Senior Software Engineer Web Front-end,ti&m AG,"Bern, Schweiz",https://stackoverflow.com/jobs/522271
Senior Frontend Engineer | Vue,Everli,No office location,https://stackoverflow.com/jobs/566063
Senior Software Engineer Web Front-end,ti&m AG,"Zürich, Schweiz",https://stackoverflow.com/jobs/522252
Senior Software Engineer Web-Front-end / .NET,ti&m AG,"Zürich, Schweiz",https://stackoverflow.com/jobs/522251
Integration Engineer (all genders),AdDefend GmbH,"Hamburg, Germany",https://stackoverflow.com/jobs/566146
Senior Software Engineer,uShip,"Austin, TX",https://stackoverflow.com/jobs/537938
Technical Lead/Developer (.NET Web Projects; Fully Remote),BlueModus,No office location,https://stackoverflow.com/jobs/566694
"Frontend Software Entwickler Smart Irrigation, IoT/Garten-Geräte (m/w/d) 100%",Gardena GmbH,"Zürich, Switzerland",https://stackoverflow.com/jobs/531444
Senior Full-Stack Developer,eBay,"Amsterdam, Netherlands",https://stackoverflow.com/jobs/541472
Full Stack Engineer Intern,Odoo,"Buffalo, NY",https://stackoverflow.com/jobs/566730
Software Engineer,Odoo,"Ciudad de México, Mexico",https://stackoverflow.com/jobs/472421
Senior TypeScript and .Net Developer,MapLarge,"Atlanta, GA",https://stackoverflow.com/jobs/482097
Frontend Developer / Headless Expert,Magnolia International Ltd.,No office location,https://stackoverflow.com/jobs/525573
Full Stack Webdeveloper (m/f/d),starmobile GmbH,"Fulda, Deutschland",https://stackoverflow.com/jobs/392888
Remote Experienced Frontend Engineer - React,"TheoremOne, LLC",No office location,https://stackoverflow.com/jobs/562427
Software Engineer,Which?,"London, UK",https://stackoverflow.com/jobs/524001
Front-end Engineer - Working in Japan,LINE Fukuoka,"Fukuoka, Japan",https://stackoverflow.com/jobs/273839
Werkstudent/in Full Stack Developer (m/w/d),Audi Business Innovation GmbH,"München, Germany",https://stackoverflow.com/jobs/565967
Software Engineer (Front-End Typescript),Baker Hughes,"Cramlington, UK",https://stackoverflow.com/jobs/560596
C# Developer für Webanwendungen (w/*/m),queo GmbH,"Dresden, Deutschland",https://stackoverflow.com/jobs/522414
Senior Full Stack Developer - PHP and VueJS (f/m/d),CA Customer Alliance GmbH,No office location,https://stackoverflow.com/jobs/528320
Lead Software Engineer (Full Stack),"Jack Henry & Associates, Inc.®",No office location,https://stackoverflow.com/jobs/541319
Full Stack Mobile Developer (Flutter) (w/m/d),Lotum GmbH,"Frankfurt am Main, Deutschland",https://stackoverflow.com/jobs/526742
Software Engineer,Odoo,"San Francisco, CA",https://stackoverflow.com/jobs/472407
Senior Fullstack Developer (m/w/d) - für E-Commerce Agentur in Bremen,hmmh multimediahaus AG,"Bremen, Deutschland",https://stackoverflow.com/jobs/527118
Senior Software Engineer,"Jack Henry & Associates, Inc.®",No office location,https://stackoverflow.com/jobs/558523
Backend Engineer -Working in Japan,LINE Fukuoka,"Fukuoka, Japan",https://stackoverflow.com/jobs/273843
Full Stack Web Developer (m/w/d),EyeC GmbH,"Hamburg, Deutschland",https://stackoverflow.com/jobs/408137
Intermediate Front-End Developer,Derivco.,"Umhlanga, South Africa",https://stackoverflow.com/jobs/528641
Full Stack Engineer,Odoo,"San Francisco, CA",https://stackoverflow.com/jobs/524056
Front-End Web Developer - ArcGIS 3D Scene Viewer,Esri,"Zürich, Switzerland",https://stackoverflow.com/jobs/508672
(Senior) Software Developer (m/w/d),Bundesdruckerei-Gruppe,"Berlin, Deutschland",https://stackoverflow.com/jobs/566743
Frontend Developer (m/f/d),Pixida GmbH,"München, Deutschland",https://stackoverflow.com/jobs/566267
"Senior Full Stack Developer (.NET + Angular), REMOTE",Pentalog,No office location,https://stackoverflow.com/jobs/566594
Full Stack Engineer,Odoo,"Buffalo, NY",https://stackoverflow.com/jobs/558069
Software Engineer - Web Front-end Product Development,ti&m AG,"Zürich, Schweiz",https://stackoverflow.com/jobs/522335
Engineering Lead - Western Europe Expansion,Wise,"Budapest, Hungary",https://stackoverflow.com/jobs/565917
"Front-End (Vue.js) Developer, REMOTE",Pentalog,No office location,https://stackoverflow.com/jobs/566583
Full Stack Engineer (Mid-level - Python/JavaScript),Night Market,No office location,https://stackoverflow.com/jobs/566449
Java FullStack SE - Looking to disrupt the Mortgage Industry!,"Cardinal Financial Company, LP",No office location,https://stackoverflow.com/jobs/350467
Full Stack Engineer,Odoo,"Buffalo, NY",https://stackoverflow.com/jobs/558069
Senior JavaScript Engineer (Canada Remote),Fullscript,No office location,https://stackoverflow.com/jobs/566672
Full-Stack PHP Web Developer,D3R,"Chichester, UK",https://stackoverflow.com/jobs/282255
Senior Full Stack Engineer (Python/JavaScript),Night Market,No office location,https://stackoverflow.com/jobs/566448
Senior Web Angular Developer,MHR,"Nottingham, UK",https://stackoverflow.com/jobs/524829
"Front-End (Vue.js) Developer, REMOTE",Pentalog,No office location,https://stackoverflow.com/jobs/566583
Full Stack Engineer,NN Group N.V.,"Den Haag, Netherlands",https://stackoverflow.com/jobs/557647
Frontend Entwickler (w/m/d) React / JavaScript - bundesweit & Homeoffice,objective partner AG,"Weinheim, Deutschland",https://stackoverflow.com/jobs/550884
Frontend-Entwickler*in,VITRONIC Dr.-Ing. Stein Bildverarbeitungssysteme GmbH,"Wiesbaden, Deutschland",https://stackoverflow.com/jobs/566727
IT-Entwicklerin / IT-Entwickler (w/m/d) digitaler Vertrieb und neue Mobilität,Berliner Verkehrsbetriebe (BVG) - AöR -,"Berlin, Deutschland",https://stackoverflow.com/jobs/566646
MOBILE APP DEVELOPER (m/w/x),Axess AG,"Anif, Österreich",https://stackoverflow.com/jobs/457890
Software Developers -  Gaming Tech,Derivco.,"Douglas, Isle of Man",https://stackoverflow.com/jobs/551468
Senior Software Engineer Fullstack Java (m/w/d),SCHUFA Holding AG,"Wiesbaden, Deutschland",https://stackoverflow.com/jobs/566435
Web-/Software-Entwickler (m/w/d),Meffert Software GmbH & Co. KG,"Wiesbaden, Deutschland",https://stackoverflow.com/jobs/566658
Senior Full-Stack Developer,Derivco.,"Umhlanga, South Africa",https://stackoverflow.com/jobs/528652
Frontend-Web-Developer (m/w/d) heise online,Heise Medien GmbH Co KG,"Hannover, Deutschland",https://stackoverflow.com/jobs/566715
PHP Entwickler (m/w/d),AraCom IT Services AG,"Augsburg, Deutschland",https://stackoverflow.com/jobs/566712
Frontend Entwickler (w/m/d) Angular / Typescript - bundesweit & Homeoffice,objective partner AG,"Weinheim, Deutschland",https://stackoverflow.com/jobs/550883
R&D Full Stack Software Engineer (Experienced),Sandia National Laboratories,"Albuquerque, NM",https://stackoverflow.com/jobs/566344
Software Architect,Derivco.,"Umhlanga, South Africa",https://stackoverflow.com/jobs/528637
UX Developer,Portland Webworks,"Portland, ME",https://stackoverflow.com/jobs/524306
Senior JavaScript Developer,Accenture Romania,"Bucharest, Romania",https://stackoverflow.com/jobs/525564
Senior Webentwickler/in (80-100%),bbv Software Services AG,"Zürich, Schweiz",https://stackoverflow.com/jobs/431192
Senior Software Engineer Liferay,ti&m AG,"Zürich, Schweiz",https://stackoverflow.com/jobs/522316
Javascript Reverse Engineer,eyeo GmbH,No office location,https://stackoverflow.com/jobs/561553
Software Architect,Derivco.,"Umhlanga, South Africa",https://stackoverflow.com/jobs/528637
Software-Entwickler & Software-Architekt (m/w/d),Method Park,"München, Deutschland",https://stackoverflow.com/jobs/548553
Senior JavaScript Developer,Accenture Romania,"Bucharest, Romania",https://stackoverflow.com/jobs/525564
Frontend-Entwickler (m/w/d),Hypersoft Trading GmbH,"Hamburg, Deutschland",https://stackoverflow.com/jobs/566459
Web developer,Intel Corporation,"Moscow, Russia",https://stackoverflow.com/jobs/530450
Fullstack Web-Entwickler (m/w/d),neusta webservices GmbH,"Köln, Deutschland",https://stackoverflow.com/jobs/566482
"Magento Developer, REMOTE",Pentalog,No office location,https://stackoverflow.com/jobs/566593
Senior Frontend Entwickler / Webentwickler / Developer / Webdesigner (m/w/d),weber.digital GmbH,"Balingen, Deutschland",https://stackoverflow.com/jobs/566526
(Senior) Software Engineer Magnolia CMS,ti&m AG,"Zürich, Schweiz",https://stackoverflow.com/jobs/522313
Website Manager (w/m/d) für die Abteilung Marketing / Verkaufsförderung,Süddeutsche Krankenversicherung a.G.,"Fellbach, Deutschland",https://stackoverflow.com/jobs/566682
Full Stack Developer (m/w/d),CARSYNC GmbH,"München, Deutschland",https://stackoverflow.com/jobs/522844
Tech Lead,Which?,"London, UK",https://stackoverflow.com/jobs/553253
Softwareentwickler (m/w/d) Delphi-Entwicklung,ACT - Angewandte Computer Technik GmbH,"Kiel, Deutschland",https://stackoverflow.com/jobs/566480
Java Developer,MUFG,"New York, NY",https://stackoverflow.com/jobs/559436
Senior Web Entwickler (m/w/d),ilum:e informatik AG,No office location,https://stackoverflow.com/jobs/566266
.NET Developer,Accenture Romania,No office location,https://stackoverflow.com/jobs/550598
Softwareentwickler (m/w/d),HESS Group GmbH,"Burbach, Deutschland",https://stackoverflow.com/jobs/566487
Software Developer Team Lead,Derivco.,"Umhlanga, South Africa",https://stackoverflow.com/jobs/528640
Software-Entwickler (w/m/d),CASERIS GmbH,"Stolberg, Deutschland",https://stackoverflow.com/jobs/566118
Fullstack Web-Entwickler PHP/React (m/w/d) für E-Commerce Agentur aus Bremen,hmmh multimediahaus AG,No office location,https://stackoverflow.com/jobs/526714
Frontend Developer - Angular /m/w/d),hmmh multimediahaus AG,"Bremen, Deutschland",https://stackoverflow.com/jobs/528287
C++ Softwareentwickler (m/w/d),ISO Recruiting Consultants GmbH,"Nürnberg, Deutschland",https://stackoverflow.com/jobs/566159
.Net Developer,Smals,"Brussel, Belgium",https://stackoverflow.com/jobs/566034
Senior Full Stack Web Developer,MapLarge,"Atlanta, GA",https://stackoverflow.com/jobs/99708
Senior Softwareentwickler (m/w/d) Java,Linova Software GmbH,"München, Deutschland",https://stackoverflow.com/jobs/566479
Senior Front End Developer,Which?,"London, UK",https://stackoverflow.com/jobs/524732
Java Entwickler (m/w/d),STAR COOPERATION GmbH,"Böblingen, Deutschland",https://stackoverflow.com/jobs/566498
Software-Entwickler C# / .NET (m/w/d) – Medizintechnik,Method Park,"Erlangen, Deutschland",https://stackoverflow.com/jobs/548555
.Net Developer,Smals,"Brussel, Belgium",https://stackoverflow.com/jobs/566034
Softwareentwickler (m/w/d) PHP / Shopware,STAR COOPERATION GmbH,"Böblingen, Deutschland",https://stackoverflow.com/jobs/566496
"Full Stack .NET Developer, REMOTE",Pentalog,No office location,https://stackoverflow.com/jobs/566595
Full-Stack-Entwickler (m/w/d) C# / .NET,HELMUT FISCHER GMBH INSTITUT FÜR ELEKTRONIK UND MESSTECHNIK,"Sindelfingen, Deutschland",https://stackoverflow.com/jobs/566068
Senior .Net / C# Web Service Developer / Architect,MapLarge,"Atlanta, GA",https://stackoverflow.com/jobs/124860
Sr. Full Stack Engineer- Convertus,AutoTrader,"Toronto, ON, Canada",https://stackoverflow.com/jobs/529014
Consultant (m/w/d)/ Developer (m/w/d) Robotic Process Automation (RPA),STAR COOPERATION GmbH,"Böblingen, Deutschland",https://stackoverflow.com/jobs/566512
Java-Web-Entwickler (w/m/d),parcIT GmbH,"Köln, Deutschland",https://stackoverflow.com/jobs/524192
Software Developer,SUSE,No office location,https://stackoverflow.com/jobs/558030
PHP Developer (f/m/d),Fusonic,"Götzis, Austria",https://stackoverflow.com/jobs/195184
Softwareentwickler/in / Web-Developer/in (w/m/d) Web-Applikationen & Werkzeuge,Deutsches Zentrum für Luft- und Raumfahrt e. V. (DLR),"Berlin, Deutschland",https://stackoverflow.com/jobs/566624
Senior Web Developer,ti&m AG,"Zürich, Schweiz",https://stackoverflow.com/jobs/522317
Java Entwickler (m/w/d),ISO Recruiting Consultants GmbH,"Nürnberg, Deutschland",https://stackoverflow.com/jobs/566160
Lead Software Engineer,Vodafone,"London, UK",https://stackoverflow.com/jobs/533128
"Solution Architect/ Technical Lead (OpenPages GRC), Vice President - Hybrid role",MUFG,"Tempe, AZ",https://stackoverflow.com/jobs/566301
(Senior) Consultant Digital Experience und Marketing,ti&m AG,"Zürich, Schweiz",https://stackoverflow.com/jobs/524920
WordPress Theme and Plugin Developer - Remote Position,WPRiders,"Bucharest, Romania",https://stackoverflow.com/jobs/566195
Java Entwickler (d/m/w),DEVK Versicherungen,"Köln, Deutschland",https://stackoverflow.com/jobs/524968
Systemadministrator (m/w/d),Deutsches Krebsforschungszentrum (DKFZ),"Heidelberg, Deutschland",https://stackoverflow.com/jobs/566561
Fullstack Engineer II (Python/Django/React),StyleSeat,No office location,https://stackoverflow.com/jobs/554278
"Sr Full Stack Engineer - US & Canada Remote (.NET core, NoSQL, React, AWS)",Lone Wolf Technologies,No office location,https://stackoverflow.com/jobs/523487
Full Stack Engineer (m/f/d),Relayr,"Katowice, Poland",https://stackoverflow.com/jobs/544460
Systemadministrator (m/w/d),Deutsches Krebsforschungszentrum (DKFZ),"Heidelberg, Deutschland",https://stackoverflow.com/jobs/566561
LEAD INSTRUCTOR - WEB DEVELOPMENT [full time | hybrid],WBS Gruppe,No office location,https://stackoverflow.com/jobs/556317
Data Architect,Derivco.,"Umhlanga, South Africa",https://stackoverflow.com/jobs/528638
Front End Engineer,"Betterup, Inc.",No office location,https://stackoverflow.com/jobs/523559
Sr. Cloud Support Engineer,"Sailpoint Technologies, Inc.","Austin, TX",https://stackoverflow.com/jobs/536838
PHP Developer,alfaview GmbH,No office location,https://stackoverflow.com/jobs/559394
.Net Developer,Smals,"Brussel, Belgium",https://stackoverflow.com/jobs/472397
Senior Software Engineer - User Interface Development,"Jack Henry & Associates, Inc.®",No office location,https://stackoverflow.com/jobs/561040
Senior Product Designer,Olo,No office location,https://stackoverflow.com/jobs/529175
Full Stack Engineer,eBay,"Atlanta, GA",https://stackoverflow.com/jobs/556461
LEAD INSTRUCTOR - WEB DEVELOPMENT [full time | German speaking | hybrid],WBS Gruppe,No office location,https://stackoverflow.com/jobs/529169
Full Stack Web Developer (m/w/d),Raven51 AG,No office location,https://stackoverflow.com/jobs/566657
Frontend-Entwickler WordPress,onOffice GmbH,No office location,https://stackoverflow.com/jobs/552287
Frontend (UX) Engineer,Pinnacle 21,No office location,https://stackoverflow.com/jobs/561044
Senior Front-End Developer,Derivco.,"Umhlanga, South Africa",https://stackoverflow.com/jobs/528639
Frontend Developer,Octopus Energy,"London, UK",https://stackoverflow.com/jobs/533659
Engineering Manager,AMBOSS,"Berlin, Germany",https://stackoverflow.com/jobs/524863
"Développeur .Net Sécurité (possibilité de télétravail à 100%, partout au Québec)",Grics,"Montréal, QC, Canada",https://stackoverflow.com/jobs/543736
Product Security Engineer,Nozomi Networks,"Mendrisio, Switzerland",https://stackoverflow.com/jobs/526404
Lead Tech SEO Manager (d/f/m),Stylight,"München, Deutschland",https://stackoverflow.com/jobs/566291
DevOps / SRE Engineer (f/m/d),HeidelbergCement AG,"Heidelberg, Deutschland",https://stackoverflow.com/jobs/555115
"Développeur .Net (possibilité de télétravail à 100%, partout au Québec)",Grics,"Montréal, QC, Canada",https://stackoverflow.com/jobs/521899
Ruby Developer,Vodafone,No office location,https://stackoverflow.com/jobs/560706
Front-End Developer,Cognitive Space,"Houston, TX",https://stackoverflow.com/jobs/566089
Java Support Engineer wanted!,Magnolia International Ltd.,No office location,https://stackoverflow.com/jobs/374068
Sr. Software Engineer (Full stack Java),MUFG,"Charlotte, NC",https://stackoverflow.com/jobs/559425
DevOps Engineer - High Performance Computing (Mid-Career),Sandia National Laboratories,"Albuquerque, NM",https://stackoverflow.com/jobs/566341
Lead DevOps / SRE Engineer (f/m/d),HeidelbergCement AG,"Heidelberg, Deutschland",https://stackoverflow.com/jobs/555118
"Développeur C# C++ (possibilité de télétravail à 100%, partout au Québec)",Grics,"Montréal, QC, Canada",https://stackoverflow.com/jobs/521898
User Experience (UX) Designer/Researcher - Entry/Mid-Level,National Security Agency,"Fort Meade, MD",https://stackoverflow.com/jobs/565899
Modern Infrastructure and Security Architect - Remote,MUFG,No office location,https://stackoverflow.com/jobs/559431
Modern Infrastructure and Security Architect - Remote - Vice President -SRE,MUFG,No office location,https://stackoverflow.com/jobs/566303
